id	date	owner_id	from_id	likes	reposts
1957	1714982561	-88704999	36762561	0	0
1956	1713797460	-88704999	80684434	8	8
1955	1713761460	-88704999	80684434	4	12
1949	1713244080	-88704999	7503745	29	0
1947	1713007250	-88704999	-88704999	41	4
1946	1712851632	-88704999	-88704999	18	14
1945	1712813400	-88704999	7503745	10	17
1942	1712764966	-88704999	17808715	13	4
1941	1712180984	-88704999	7550797	1	3
1940	1712180939	-88704999	36762561	4	3
1935	1712031060	-88704999	17808715	30	11
1934	1711988400	-88704999	17808715	2	4
1929	1711961110	-88704999	-88704999	5	6
1904	1711623538	-88704999	50168542	9	2
1900	1711615253	-88704999	137509477	177	14
1896	1711429920	-88704999	17808715	53	27
1894	1711282473	-88704999	80684434	10	12
1886	1711179441	-88704999	34041162	43	0
1882	1711138697	-88704999	34041162	17	7
1881	1711093599	-88704999	-88704999	48	3
1880	1711033140	-88704999	50168542	9	1
1879	1711023246	-88704999	7550797	22	6
1878	1710828240	-88704999	-88704999	36	18
1876	1710770585	-88704999	36762561	1	4
1874	1710491972	-88704999	36762561	3	2
1873	1710433357	-88704999	7550797	7	2
1871	1710254100	-88704999	7503745	34	10
1870	1710221700	-88704999	7503745	12	5
1867	1710153890	-88704999	50168542	2	2
1865	1709882663	-88704999	7550797	25	1
1864	1709835230	-88704999	-88704999	19	3
1863	1709529900	-88704999	7550797	14	10
1859	1709402297	-88704999	34041162	207	15
1857	1709184240	-88704999	34041162	7	9
1853	1708936154	-88704999	7503745	3	0
1852	1708699069	-88704999	34041162	82	4
1848	1708678318	-88704999	50168542	112	9
1847	1708672107	-88704999	34041162	7	0
1845	1708507577	-88704999	17808715	32	3
1843	1707896793	-88704999	50168542	4	0
1842	1707849613	-88704999	7550797	2	2
1841	1707645601	-88704999	34041162	12	0
1840	1707634802	-88704999	7503745	15	6
1837	1707582600	-88704999	-88704999	2	1
1836	1707541860	-88704999	7550797	22	2
1835	1707509518	-88704999	-88704999	0	2
1832	1707491343	-88704999	80684434	1	2
1831	1707457680	-88704999	7550797	2	0
1829	1707410880	-88704999	17808715	42	8
1824	1707396332	-88704999	-88704999	0	4
1823	1707389878	-88704999	80684434	1	0
1822	1707389821	-88704999	50168542	1	0
1821	1707323340	-88704999	50168542	12	2
1819	1707240420	-88704999	50168542	3	2
1817	1707129073	-88704999	50168542	16	2
1815	1707111720	-88704999	36762561	2	6
1813	1707027120	-88704999	80684434	8	2
1811	1706940780	-88704999	17808715	41	4
1809	1706799581	-88704999	36762561	6	1
1808	1706792601	-88704999	50168542	5	1
1807	1706767500	-88704999	-88704999	3	4
1805	1706729745	-88704999	34041162	6	2
1804	1706351806	-88704999	-88704999	3	2
1803	1706335202	-88704999	36762561	7	8
1801	1706283840	-88704999	34041162	2	2
1800	1706249280	-88704999	-88704999	2	0
1797	1706182932	-88704999	7503745	2	0
1796	1706169154	-88704999	50168542	9	0
1795	1706101142	-88704999	7550797	1	11
1794	1706073480	-88704999	80684434	6	7
1792	1705691174	-88704999	34041162	1	3
1791	1705649416	-88704999	36762561	7	5
1790	1704885295	-88704999	7503745	3	7
1789	1704027050	-88704999	7503745	111	3
1787	1704014671	-88704999	7503745	4	0
1786	1703655180	-88704999	137509477	24	3
1784	1703620168	-88704999	137509477	18	5
1783	1703619927	-88704999	7503745	3	3
1782	1703501295	-88704999	7550797	5	2
1781	1703271915	-88704999	7503745	7	13
1780	1703002806	-88704999	50168542	9	8
1779	1702669390	-88704999	50168542	5	2
1777	1702396497	-88704999	7503745	73	33
1776	1701542780	-88704999	50168542	1	0
1775	1701407160	-88704999	34041162	19	1
1772	1701235260	-88704999	50168542	44	4
1770	1700850194	-88704999	34041162	3	3
1768	1700830502	-88704999	-88704999	32	0
1767	1700719500	-88704999	34041162	1	1
1766	1700681301	-88704999	17808715	25	7
1764	1700579184	-88704999	7503745	1	0
1763	1700414348	-88704999	7503745	12	3
1761	1700228479	-88704999	80684434	22	9
1760	1700159580	-88704999	137509477	23	10
1759	1700114523	-88704999	-88704999	24	6
1755	1699986099	-88704999	34041162	52	9
1753	1699983396	-88704999	7550797	5	4
1752	1699870601	-88704999	-88704999	16	0
1751	1699803420	-88704999	137509477	4	4
1750	1699651582	-88704999	36762561	2	1
1749	1699416300	-88704999	50168542	0	1
1745	1699377680	-88704999	80684434	5	1
1742	1699303034	-88704999	34041162	53	14
1741	1698177746	-88704999	50168542	0	1
1740	1698096123	-88704999	50168542	1	2
1739	1697817944	-88704999	-88704999	3	3
1738	1697751814	-88704999	137509477	1	1
1737	1697564865	-88704999	80684434	0	4
1736	1697454139	-88704999	17808715	3	1
1735	1697445927	-88704999	7550797	4	0
1734	1696779997	-88704999	80684434	23	4
1733	1696491598	-88704999	50168542	11	1
1730	1695729597	-88704999	137509477	0	1
1727	1695403798	-88704999	137509477	15	2
1726	1695331257	-88704999	17808715	9	5
1725	1695317894	-88704999	7550797	2	4
1721	1695237545	-88704999	80684434	13	14
1718	1694621979	-88704999	7503745	0	1
1717	1694619077	-88704999	36762561	5	10
1716	1694593715	-88704999	50168542	1	1
1714	1694452508	-88704999	-88704999	3	6
1713	1694440689	-88704999	36762561	0	0
1712	1694272293	-88704999	34041162	2	0
1711	1693937700	-88704999	-88704999	0	2
1710	1693900800	-88704999	137509477	5	0
1708	1693850376	-88704999	7550797	5	1
1707	1693639740	-88704999	80684434	1	3
1705	1693581266	-88704999	80684434	35	4
1704	1693549324	-88704999	36762561	7	0
1701	1693387065	-88704999	137509477	36	33
1699	1692019538	-88704999	80684434	1	1
1698	1691672142	-88704999	7503745	5	3
1696	1691145270	-88704999	17808715	19	16
1695	1691063779	-88704999	80684434	1	0
1694	1690968368	-88704999	80684434	3	1
1693	1690376798	-88704999	17808715	4	1
1692	1690099310	-88704999	34041162	0	2
1691	1689595842	-88704999	17808715	2	7
1690	1689330970	-88704999	7503745	0	0
1689	1687981365	-88704999	7550797	6	5
1687	1687872702	-88704999	50168542	8	20
1686	1687698910	-88704999	137509477	3	4
1684	1687513218	-88704999	7550797	1	4
1682	1686933579	-88704999	80684434	30	3
1681	1686579759	-88704999	7550797	66	14
1680	1686157016	-88704999	36762561	2	0
1679	1686051450	-88704999	34041162	0	1
1677	1685086297	-88704999	80684434	3	9
1676	1684599316	-88704999	80684434	4	0
1675	1684300500	-88704999	-88704999	32	8
1673	1683881537	-88704999	36762561	1	3
1672	1683671825	-88704999	80684434	2	0
1671	1683324156	-88704999	36762561	5	0
1670	1682617395	-88704999	50168542	5	1
1669	1682373381	-88704999	7550797	3	1
1668	1681339771	-88704999	7503745	6	3
1667	1681221628	-88704999	137509477	10	7
1666	1680875029	-88704999	-88704999	2	1
1665	1680708900	-88704999	36762561	2	5
1661	1680328803	-88704999	-88704999	15	3
1657	1680189420	-88704999	34041162	0	5
1656	1680153840	-88704999	80684434	46	16
1653	1680029100	-88704999	137509477	2	1
1646	1679989734	-88704999	36762561	171	12
1642	1679548260	-88704999	50168542	23	23
1641	1679507340	-88704999	137509477	1	0
1640	1679401011	-88704999	7550797	16	1
1637	1679331143	-88704999	7550797	0	0
1636	1679328317	-88704999	17808715	11	5
1635	1679321004	-88704999	7503745	1	0
1633	1678950549	-88704999	137509477	6	8
1632	1678885714	-88704999	7503745	4	3
1628	1678708072	-88704999	80684434	26	11
1627	1678698624	-88704999	17808715	3	9
1625	1678612475	-88704999	137509477	31	4
1624	1678262069	-88704999	137509477	12	1
1623	1678108384	-88704999	137509477	4	1
1622	1677772575	-88704999	36762561	4	5
1617	1677509481	-88704999	50168542	119	17
1616	1677507103	-88704999	36762561	0	0
1612	1677229214	-88704999	36762561	0	1
1602	1677128521	-88704999	137509477	318	19
1601	1676985940	-88704999	7550797	2	1
1599	1676490624	-88704999	36762561	10	5
1598	1676391960	-88704999	50168542	7	16
1593	1676199466	-88704999	34041162	3	31
1585	1676129249	-88704999	17808715	148	26
1583	1676060600	-88704999	137509477	65	46
1581	1675952705	-88704999	50168542	19	11
1580	1675924200	-88704999	50168542	0	3
1576	1675879201	-88704999	-88704999	24	10
1574	1675842000	-88704999	-88704999	157	27
1573	1675839986	-88704999	80684434	8	0
1571	1675834467	-88704999	50168542	8	0
1569	1675785214	-88704999	34041162	0	0
1568	1675580524	-88704999	7503745	29	32
1566	1675524660	-88704999	17808715	2	6
1565	1675490820	-88704999	36762561	2	7
1562	1675264500	-88704999	80684434	0	1
1560	1675188899	-88704999	17808715	1	6
1559	1675086309	-88704999	80684434	4	4
1558	1674713340	-88704999	17808715	2	3
1556	1674634355	-88704999	80684434	18	19
1555	1674248269	-88704999	-88704999	0	2
1554	1673716666	-88704999	137509477	10	1
1553	1673354871	-88704999	-88704999	0	3
1552	1672830385	-88704999	17808715	55	15
1551	1672236571	-88704999	-88704999	3	1
1550	1672035660	-88704999	36762561	13	2
1548	1671985155	-88704999	7503745	6	0
1547	1671054335	-88704999	7550797	0	1
1546	1670692923	-88704999	7550797	2	3
1545	1670325286	-88704999	7550797	2	5
1544	1670318067	-88704999	36762561	1	4
1543	1670175169	-88704999	17808715	7	4
1542	1669838313	-88704999	137509477	0	0
1541	1669838265	-88704999	7503745	1	0
1540	1669793738	-88704999	50168542	0	0
1539	1669620956	-88704999	17808715	2	0
1538	1669383980	-88704999	50168542	2	1
1537	1669209925	-88704999	80684434	5	3
1536	1668847272	-88704999	7550797	9	3
1535	1668809568	-88704999	7550797	34	11
1534	1668613950	-88704999	7503745	6	2
1530	1668176495	-88704999	-88704999	2	1
1529	1668107901	-88704999	137509477	2	2
1527	1667320500	-88704999	34041162	3	0
1525	1667313350	-88704999	36762561	10	2
1522	1666807319	-88704999	36762561	11	6
1519	1666548915	-88704999	50168542	60	6
1517	1666109700	-88704999	34041162	5	12
1515	1666095288	-88704999	7550797	3	3
1514	1666081987	-88704999	7503745	5	1
1513	1665939731	-88704999	137509477	6	1
1512	1665555641	-88704999	137509477	0	3
1511	1665504854	-88704999	80684434	2	4
1509	1665242280	-88704999	50168542	0	0
1508	1665210000	-88704999	137509477	0	9
1505	1665037500	-88704999	17808715	9	25
1503	1665002632	-88704999	-88704999	6	8
1502	1664989003	-88704999	34041162	3	2
1501	1664467015	-88704999	7503745	2	2
1500	1664345160	-88704999	7550797	3	8
1498	1664277428	-88704999	137509477	2	1
1497	1664188845	-88704999	137509477	12	9
1495	1663859179	-88704999	36762561	3	4
1493	1663691948	-88704999	137509477	37	24
1492	1663686041	-88704999	34041162	6	8
1491	1663618111	-88704999	17808715	5	4
1490	1663511615	-88704999	17808715	7	1
1489	1663319040	-88704999	36762561	25	40
1488	1663308240	-88704999	17808715	10	7
1477	1663255045	-88704999	-88704999	31	34
1474	1662616980	-88704999	7503745	20	15
1472	1662568973	-88704999	17808715	9	0
1471	1662491583	-88704999	50168542	5	6
1470	1662046466	-88704999	-88704999	3	3
1469	1661954099	-88704999	36762561	8	6
1463	1661802966	-88704999	-88704999	7	18
1462	1661355765	-88704999	34041162	4	10
1460	1661257501	-88704999	137509477	13	7
1457	1660716180	-88704999	36762561	9	21
1454	1660370460	-88704999	7503745	8	26
1452	1660345696	-88704999	7550797	1	0
1451	1660068989	-88704999	50168542	14	22
1449	1659528813	-88704999	17808715	1	2
1448	1659074400	-88704999	7503745	2	1
1447	1659021180	-88704999	7550797	11	4
1446	1658986500	-88704999	50168542	3	0
1444	1658930760	-88704999	50168542	22	20
1443	1658901780	-88704999	7503745	4	1
1442	1658844180	-88704999	137509477	6	13
1441	1658815380	-88704999	7503745	6	4
1432	1658665509	-88704999	137509477	0	4
1428	1658597580	-88704999	-88704999	2	3
1426	1658418960	-88704999	80684434	5	11
1424	1657723748	-88704999	-88704999	21	5
1423	1657715301	-88704999	7550797	1	1
1422	1657480298	-88704999	36762561	4	2
1421	1657369726	-88704999	50168542	6	1
1420	1657289618	-88704999	7503745	2	0
1419	1657213679	-88704999	50168542	0	1
1418	1657182180	-88704999	-88704999	0	0
1417	1657175040	-88704999	7550797	0	4
1414	1657131704	-88704999	50168542	5	2
1413	1656915120	-88704999	36762561	1	6
1411	1656416545	-88704999	36762561	4	1
1410	1656396180	-88704999	7550797	25	15
1408	1656082926	-88704999	34041162	3	4
1407	1655899174	-88704999	7550797	0	1
1406	1655296884	-88704999	7503745	0	4
1405	1654860799	-88704999	80684434	0	2
1404	1654792543	-88704999	50168542	3	8
1403	1653994714	-88704999	80684434	0	2
1400	1653321240	-88704999	34041162	34	14
1398	1653304459	-88704999	7503745	42	10
1397	1653234667	-88704999	7550797	1	0
1396	1653149502	-88704999	7550797	21	3
1395	1653146154	-88704999	7550797	29	6
1394	1653144007	-88704999	7550797	48	9
1393	1652992881	-88704999	17808715	12	1
1392	1652553153	-88704999	50168542	19	16
1391	1652117460	-88704999	-88704999	9	18
1387	1651608032	-88704999	50168542	28	17
1386	1651229423	-88704999	7550797	14	4
1384	1650651320	-88704999	-88704999	7	1
1383	1650479642	-88704999	7550797	14	3
1381	1649916360	-88704999	80684434	8	8
1380	1649747100	-88704999	7550797	3	3
1378	1649144874	-88704999	7550797	2	0
1377	1648829268	-88704999	50168542	6	14
1375	1648814751	-88704999	137509477	1	4
1372	1648627645	-88704999	80684434	1	7
1366	1648457500	-88704999	7503745	156	28
1365	1648448880	-88704999	17808715	2	4
1359	1648108203	-88704999	17808715	6	6
1358	1648105746	-88704999	34041162	1	1
1357	1648052939	-88704999	36762561	3	15
1356	1647975138	-88704999	7550797	4	7
1344	1647871841	-88704999	137509477	81	41
1343	1647608435	-88704999	-88704999	0	4
1342	1647511807	-88704999	36762561	6	2
1341	1647251347	-88704999	34041162	5	5
1340	1647040196	-88704999	7550797	3	2
1339	1646482635	-88704999	137509477	2	5
1338	1646235696	-88704999	-88704999	4	2
1336	1646147613	-88704999	-88704999	8	3
1335	1646042262	-88704999	80684434	0	5
1334	1645165200	-88704999	7550797	1	0
1332	1645091160	-88704999	17808715	1	2
1330	1644585868	-88704999	17808715	7	7
1329	1644513655	-88704999	-88704999	1	2
1328	1644010862	-88704999	17808715	2	2
1327	1643999385	-88704999	80684434	0	0
1326	1643955420	-88704999	7550797	5	15
1325	1643886651	-88704999	7550797	0	16
1323	1643729721	-88704999	7550797	0	0
1322	1643389431	-88704999	36762561	7	12
1321	1643388965	-88704999	80684434	2	6
1320	1643215801	-88704999	7503745	7	1
1319	1643007600	-88704999	7550797	4	4
1317	1642781971	-88704999	50168542	0	6
1316	1642714267	-88704999	34041162	0	1
1314	1642415695	-88704999	36762561	2	3
1313	1642096660	-88704999	34041162	0	2
1312	1641798000	-88704999	7503745	0	3
1311	1641742335	-88704999	-88704999	0	5
1309	1641235210	-88704999	36762561	0	4
1308	1640714401	-88704999	137509477	31	8
1306	1640698514	-88704999	7503745	32	7
1305	1640590614	-88704999	17808715	3	2
1304	1640553746	-88704999	80684434	11	3
1303	1640372341	-88704999	50168542	13	6
1302	1640372078	-88704999	80684434	16	11
1301	1640175341	-88704999	137509477	0	0
1299	1640078819	-88704999	7550797	0	5
1296	1639760776	-88704999	34041162	2	27
1294	1639517713	-88704999	34041162	3	1
1292	1639253495	-88704999	36762561	1	3
1289	1639046214	-88704999	137509477	0	1
1287	1639029603	-88704999	36762561	38	92
1286	1639024485	-88704999	7503745	1	1
1284	1638876281	-88704999	7550797	35	12
1282	1638815402	-88704999	17808715	9	7
1281	1638743475	-88704999	36762561	10	1
1280	1638743326	-88704999	7550797	13	6
1279	1638467716	-88704999	17808715	5	2
1277	1637867544	-88704999	137509477	0	1
1276	1637768936	-88704999	36762561	0	0
1275	1637768738	-88704999	7503745	0	7
1274	1637664130	-88704999	80684434	0	0
1272	1637568788	-88704999	80684434	0	1
1271	1637101730	-88704999	7503745	2	3
1269	1636455114	-88704999	50168542	0	2
1267	1636191768	-88704999	34041162	1	1
1266	1635964647	-88704999	36762561	7	6
1264	1635876180	-88704999	17808715	4	8
1262	1635506109	-88704999	80684434	1	1
1261	1635410292	-88704999	50168542	0	3
1259	1635337563	-88704999	50168542	2	2
1258	1635201263	-88704999	137509477	4	11
1257	1635161540	-88704999	-88704999	0	2
1256	1635019239	-88704999	17808715	0	0
1255	1634903022	-88704999	17808715	0	0
1254	1634847045	-88704999	36762561	3	7
1253	1634747345	-88704999	80684434	1	0
1252	1634737827	-88704999	34041162	0	1
1251	1634654767	-88704999	80684434	1	2
1250	1634561034	-88704999	7550797	9	10
1249	1634557184	-88704999	-88704999	0	1
1242	1634406957	-88704999	80684434	2	8
1241	1634324545	-88704999	137509477	4	6
1240	1634324499	-88704999	7503745	6	6
1239	1634148060	-88704999	80684434	0	0
1237	1634132696	-88704999	50168542	0	0
1236	1633518211	-88704999	17808715	0	4
1235	1633379564	-88704999	7503745	0	3
1234	1633168336	-88704999	80684434	4	0
1233	1633078977	-88704999	80684434	1	2
1232	1632935883	-88704999	80684434	7	16
1231	1632906909	-88704999	7550797	0	0
1230	1632835137	-88704999	50168542	0	1
1229	1632518790	-88704999	50168542	0	0
1228	1632470250	-88704999	36762561	4	6
1227	1632320715	-88704999	34041162	0	3
1226	1632317381	-88704999	7503745	0	1
1225	1632127434	-88704999	7503745	4	2
1224	1632125163	-88704999	50168542	0	2
1223	1631905375	-88704999	-88704999	1	2
1222	1631901012	-88704999	34041162	0	1
1221	1631819727	-88704999	7503745	0	0
1220	1631718543	-88704999	137509477	1	6
1219	1631712831	-88704999	137509477	1	2
1218	1631698662	-88704999	7550797	0	0
1217	1631609903	-88704999	80684434	0	1
1216	1631553567	-88704999	34041162	0	1
1215	1631360263	-88704999	50168542	3	5
1214	1631269365	-88704999	50168542	1	2
1213	1631103573	-88704999	7503745	1	1
1212	1631103555	-88704999	7503745	1	0
1211	1630676287	-88704999	7550797	10	2
1210	1630528958	-88704999	34041162	3	3
1209	1630527052	-88704999	34041162	32	9
1200	1630431314	-88704999	17808715	3	14
1197	1630348382	-88704999	50168542	1	2
1191	1630332763	-88704999	80684434	2	13
1185	1630192660	-88704999	50168542	3	1
1184	1630167433	-88704999	34041162	14	14
1182	1630014946	-88704999	7503745	5	3
1179	1629709121	-88704999	17808715	1	1
1176	1629293638	-88704999	80684434	1	2
1174	1629227917	-88704999	137509477	6	11
1173	1629226537	-88704999	50168542	0	0
1172	1628691648	-88704999	36762561	0	3
1171	1628575207	-88704999	17808715	9	2
1169	1628103252	-88704999	17808715	0	5
1168	1627572328	-88704999	34041162	3	4
1167	1627413645	-88704999	80684434	4	9
1166	1627075567	-88704999	137509477	3	4
1164	1626530477	-88704999	7503745	1	8
1163	1626366059	-88704999	80684434	12	7
1161	1626197050	-88704999	80684434	7	6
1160	1626095631	-88704999	50168542	2	1
1158	1625647715	-88704999	137509477	2	7
1157	1625585942	-88704999	7503745	1	4
1156	1625502214	-88704999	36762561	13	13
1153	1625061108	-88704999	36762561	0	10
1152	1624987151	-88704999	50168542	0	0
1151	1624729490	-88704999	7503745	1	4
1150	1624371781	-88704999	34041162	22	7
1149	1624273205	-88704999	17808715	0	1
1148	1624255206	-88704999	-88704999	21	3
1145	1624219984	-88704999	-88704999	3	5
1143	1623974244	-88704999	36762561	7	4
1142	1623665075	-88704999	34041162	1	7
1141	1623587173	-88704999	7550797	10	9
1140	1623527761	-88704999	50168542	1	2
1139	1623418193	-88704999	34041162	0	1
1138	1623265115	-88704999	36762561	12	2
1137	1623265032	-88704999	7550797	2	3
1136	1622462329	-88704999	17808715	1	2
1135	1622449907	-88704999	50168542	3	1
1134	1622231821	-88704999	137509477	1	2
1133	1622196855	-88704999	137509477	8	7
1132	1622130927	-88704999	34041162	3	3
1130	1621888564	-88704999	80684434	1	2
1128	1621518828	-88704999	7550797	11	7
1127	1621004286	-88704999	17808715	1	3
1126	1620937946	-88704999	50168542	1	1
1125	1620843091	-88704999	50168542	13	4
1124	1620569239	-88704999	50168542	13	0
1121	1620380161	-88704999	7503745	2	0
1120	1620310184	-88704999	7550797	8	1
1119	1620125155	-88704999	34041162	8	4
1118	1619867553	-88704999	50168542	6	6
1115	1619715059	-88704999	-88704999	6	6
1106	1619598896	-88704999	50168542	1	1
1098	1619558857	-88704999	80684434	7	16
1097	1619469137	-88704999	7503745	4	5
1096	1619433823	-88704999	36762561	6	4
1095	1619296823	-88704999	17808715	32	7
1094	1619213607	-88704999	17808715	2	3
1093	1619182863	-88704999	36762561	2	1
1091	1618934407	-88704999	34041162	10	20
1089	1618839333	-88704999	17808715	8	17
1088	1618829768	-88704999	50168542	2	4
1087	1618611360	-88704999	-88704999	36	11
1084	1618499740	-88704999	137509477	4	2
1083	1618494068	-88704999	34041162	4	29
1080	1618393037	-88704999	-88704999	2	2
1079	1618344251	-88704999	36762561	0	4
1078	1617986730	-88704999	36762561	10	1
1077	1617970818	-88704999	137509477	0	2
1075	1617728493	-88704999	34041162	28	18
1074	1617724332	-88704999	-88704999	8	6
1073	1617723841	-88704999	7550797	1	4
1072	1617721065	-88704999	80684434	8	7
1071	1617709403	-88704999	137509477	16	6
1070	1617620811	-88704999	-88704999	9	11
1068	1617200740	-88704999	-88704999	0	0
1067	1617116550	-88704999	50168542	5	2
1065	1617096739	-88704999	7550797	10	6
1064	1617046416	-88704999	7550797	5	2
1063	1617027656	-88704999	34041162	0	3
1062	1617006854	-88704999	36762561	2	0
1061	1616952878	-88704999	36762561	10	7
1060	1616952749	-88704999	50168542	30	5
1059	1616952721	-88704999	17808715	0	3
1058	1616783402	-88704999	137509477	17	11
1056	1616505031	-88704999	-88704999	6	4
1055	1616504768	-88704999	-88704999	70	35
1050	1616178065	-88704999	7503745	1	1
1049	1616014773	-88704999	-88704999	0	1
1048	1615897013	-88704999	7503745	0	2
1047	1615848884	-88704999	-88704999	1	0
1046	1615469077	-88704999	7503745	16	8
1044	1614256621	-88704999	36762561	0	5
1043	1614160079	-88704999	80684434	1	7
1042	1614097286	-88704999	80684434	9	0
1041	1613667762	-88704999	36762561	2	2
1036	1613654649	-88704999	36762561	11	3
1035	1613648984	-88704999	36762561	1	1
1034	1613494624	-88704999	34041162	2	0
1031	1612813553	-88704999	7503745	1	0
1028	1612274266	-88704999	34041162	11	6
1027	1612251749	-88704999	80684434	1	1
1026	1611932555	-88704999	-88704999	1	2
1024	1611341411	-88704999	50168542	0	3
1023	1611338067	-88704999	7550797	3	4
1022	1610987479	-88704999	50168542	1	0
1021	1610830350	-88704999	17808715	0	4
1020	1610706788	-88704999	50168542	0	18
1019	1610706234	-88704999	50168542	14	19
1018	1610401513	-88704999	7503745	0	1
1017	1608239289	-88704999	-88704999	3	5
1015	1607698504	-88704999	7550797	2	0
1014	1607694488	-88704999	137509477	8	2
1013	1607690001	-88704999	34041162	12	0
1011	1607346138	-88704999	-88704999	0	0
1009	1607085809	-88704999	36762561	10	0
1008	1606845037	-88704999	34041162	6	1
1007	1606599074	-88704999	36762561	5	1
1005	1606413707	-88704999	7550797	14	0
1004	1606377351	-88704999	50168542	1	1
1003	1606231189	-88704999	7503745	2	0
1002	1606161955	-88704999	80684434	3	0
999	1605675375	-88704999	17808715	1	0
998	1605454810	-88704999	80684434	7	2
997	1605184975	-88704999	-88704999	1	0
996	1605003430	-88704999	7550797	1	0
995	1604928307	-88704999	137509477	1	0
994	1604918991	-88704999	7503745	10	2
992	1604917947	-88704999	17808715	1	0
991	1604857310	-88704999	50168542	13	2
989	1604673943	-88704999	34041162	0	0
988	1604671935	-88704999	7550797	0	0
987	1604417730	-88704999	50168542	1	0
986	1604327297	-88704999	17808715	0	0
985	1604318086	-88704999	50168542	1	0
983	1603965459	-88704999	137509477	2	0
982	1603873428	-88704999	50168542	2	0
981	1603856983	-88704999	50168542	2	0
980	1603707806	-88704999	137509477	2	0
979	1603535539	-88704999	7503745	4	1
978	1603372061	-88704999	17808715	4	1
977	1603356229	-88704999	17808715	12	2
976	1603188681	-88704999	34041162	0	0
975	1603128362	-88704999	80684434	2	0
974	1603115858	-88704999	137509477	2	0
972	1602844119	-88704999	7550797	33	3
969	1602839060	-88704999	80684434	0	0
968	1602698637	-88704999	137509477	1	0
967	1602576078	-88704999	7503745	0	0
966	1602315534	-88704999	36762561	1	0
963	1599912375	-88704999	34041162	0	0
961	1599764074	-88704999	-88704999	0	0
960	1599763878	-88704999	7550797	5	1
958	1598974916	-88704999	7550797	5	1
956	1598899091	-88704999	36762561	7	2
954	1598711677	-88704999	80684434	16	2
951	1598620223	-88704999	7550797	10	3
950	1598619242	-88704999	137509477	21	2
947	1598296031	-88704999	36762561	11	1
945	1598188431	-88704999	34041162	0	0
944	1597481702	-88704999	-88704999	5	1
943	1597226664	-88704999	36762561	0	0
942	1596811042	-88704999	50168542	5	1
941	1596647900	-88704999	137509477	0	0
940	1596632381	-88704999	80684434	11	3
939	1596454429	-88704999	36762561	2	0
938	1596049595	-88704999	50168542	11	1
937	1595922461	-88704999	7503745	7	0
936	1595690139	-88704999	17808715	1	0
935	1595422466	-88704999	34041162	6	2
934	1595273608	-88704999	7550797	1	0
933	1595174098	-88704999	50168542	10	2
931	1595069964	-88704999	-88704999	8	4
930	1594992950	-88704999	50168542	2	0
929	1594910783	-88704999	36762561	3	0
928	1594909961	-88704999	36762561	2	0
927	1594821233	-88704999	-88704999	6	0
925	1594660261	-88704999	7550797	6	2
924	1594647444	-88704999	7503745	3	0
922	1594409256	-88704999	-88704999	40	1
920	1594390069	-88704999	34041162	3	0
919	1593167694	-88704999	80684434	1	0
918	1590559208	-88704999	34041162	1	0
916	1590524996	-88704999	-88704999	1	0
915	1589228035	-88704999	7550797	1	0
913	1588846155	-88704999	7550797	1	0
912	1588758477	-88704999	-88704999	5	0
911	1588235836	-88704999	80684434	12	0
909	1587398426	-88704999	36762561	3	1
903	1587135611	-88704999	-88704999	2	0
893	1587105722	-88704999	50168542	6	0
892	1585567241	-88704999	7550797	5	2
891	1584954591	-88704999	36762561	1	0
890	1584329254	-88704999	137509477	0	0
888	1584190892	-88704999	34041162	1	0
886	1583999196	-88704999	50168542	0	0
885	1583982121	-88704999	17808715	2	0
883	1583875926	-88704999	80684434	0	0
881	1576136488	-88704999	137509477	6	0
879	1573672786	-88704999	7503745	4	0
878	1570182515	-88704999	50168542	1	0
876	1568437224	-88704999	7550797	2	0
875	1567524074	-88704999	17808715	0	0
873	1567097480	-88704999	-88704999	6	0
872	1565965552	-88704999	7503745	2	1
871	1565007994	-88704999	-88704999	0	0
869	1561582011	-88704999	-88704999	17	1
866	1558523942	-88704999	7550797	1	0
865	1558344926	-88704999	17808715	6	0
863	1557820641	-88704999	7503745	11	1
862	1557736045	-88704999	7550797	1	1
861	1556265194	-88704999	80684434	1	0
859	1555519666	-88704999	80684434	4	1
858	1555512768	-88704999	34041162	1	0
857	1555495849	-88704999	17808715	10	0
856	1555442931	-88704999	137509477	3	0
853	1555321330	-88704999	36762561	7	1
852	1555131212	-88704999	7503745	15	1
851	1554977285	-88704999	80684434	1	0
850	1554877736	-88704999	50168542	0	0
849	1554835797	-88704999	50168542	0	0
848	1554756631	-88704999	137509477	7	2
847	1554457302	-88704999	50168542	0	0
846	1554109315	-88704999	137509477	6	2
843	1553961822	-88704999	17808715	5	1
841	1553886290	-88704999	-88704999	28	3
840	1553180798	-88704999	50168542	4	0
839	1552742464	-88704999	17808715	8	0
838	1552549913	-88704999	-88704999	5	2
837	1552548695	-88704999	34041162	1	0
836	1552548228	-88704999	-88704999	1	0
835	1552505835	-88704999	80684434	1	0
832	1552333999	-88704999	50168542	2	0
831	1552316073	-88704999	7503745	22	5
829	1552249536	-88704999	-88704999	0	0
828	1552142078	-88704999	137509477	1	0
827	1552110160	-88704999	34041162	0	0
826	1551898894	-88704999	7550797	1	0
825	1551724157	-88704999	137509477	2	0
823	1551627605	-88704999	-88704999	2	0
822	1551519498	-88704999	50168542	7	2
821	1551453538	-88704999	7503745	0	0
820	1551003660	-88704999	34041162	1	1
819	1550643292	-88704999	137509477	0	1
818	1550498883	-88704999	34041162	5	0
815	1550315914	-88704999	80684434	1	0
813	1549709978	-88704999	-88704999	3	1
812	1549541553	-88704999	36762561	0	0
811	1549285502	-88704999	80684434	0	2
810	1549117294	-88704999	50168542	1	0
809	1547143092	-88704999	50168542	0	0
808	1547128391	-88704999	137509477	1	1
807	1545823286	-88704999	36762561	2	0
806	1545761709	-88704999	50168542	40	1
805	1545401930	-88704999	7503745	4	1
803	1545119008	-88704999	137509477	4	0
802	1545118984	-88704999	7503745	1	0
801	1545113901	-88704999	36762561	2	0
800	1544809602	-88704999	17808715	20	0
799	1544617455	-88704999	137509477	0	0
797	1544513807	-88704999	137509477	9	0
796	1544072729	-88704999	34041162	6	2
794	1544018991	-88704999	-88704999	1	0
793	1544003641	-88704999	50168542	4	0
792	1543999081	-88704999	17808715	0	0
791	1543929506	-88704999	34041162	1	0
790	1543916680	-88704999	-88704999	34	1
789	1543607044	-88704999	36762561	0	0
788	1543471933	-88704999	-88704999	0	0
787	1543353132	-88704999	7550797	3	0
786	1543041028	-88704999	137509477	5	1
784	1542722012	-88704999	36762561	2	1
783	1542373276	-88704999	50168542	2	0
782	1542052688	-88704999	-88704999	7	1
780	1542034992	-88704999	7503745	6	0
778	1541688868	-88704999	17808715	5	2
777	1541266906	-88704999	34041162	2	0
776	1540956817	-88704999	17808715	6	0
775	1540840201	-88704999	7503745	4	0
774	1540493579	-88704999	36762561	2	0
773	1540478630	-88704999	80684434	2	0
772	1540216534	-88704999	80684434	4	1
770	1539856478	-88704999	50168542	8	3
767	1539267293	-88704999	17808715	1	1
766	1539257350	-88704999	50168542	4	1
765	1539106341	-88704999	7550797	5	2
764	1538812362	-88704999	7550797	0	0
762	1537820125	-88704999	-88704999	4	0
759	1536821259	-88704999	50168542	5	0
758	1536386700	-88704999	50168542	1	0
756	1536170160	-88704999	80684434	0	0
753	1535710469	-88704999	137509477	3	1
752	1535545021	-88704999	7550797	4	0
751	1535544964	-88704999	137509477	0	0
750	1535485622	-88704999	7550797	2	1
749	1534970396	-88704999	50168542	1	0
748	1534777011	-88704999	80684434	7	0
747	1534590690	-88704999	7550797	26	1
746	1533897815	-88704999	7550797	2	0
745	1531900938	-88704999	17808715	2	1
744	1531727048	-88704999	17808715	20	3
743	1531674905	-88704999	137509477	0	0
739	1530916675	-88704999	7503745	18	4
738	1529915333	-88704999	137509477	0	0
736	1528979049	-88704999	7550797	8	1
735	1528536743	-88704999	50168542	2	0
733	1528141356	-88704999	80684434	1	0
732	1527853415	-88704999	80684434	1	0
729	1526914771	-88704999	137509477	0	0
728	1526499712	-88704999	36762561	12	1
727	1526211275	-88704999	36762561	0	0
726	1526210971	-88704999	34041162	0	0
725	1525691017	-88704999	34041162	6	0
724	1525605040	-88704999	7503745	5	0
723	1525446584	-88704999	137509477	1	0
722	1525120297	-88704999	7550797	1	0
721	1525088407	-88704999	34041162	0	0
720	1525088338	-88704999	50168542	4	0
717	1524641770	-88704999	7550797	12	3
716	1524583140	-88704999	50168542	28	7
715	1524222155	-88704999	7503745	4	0
714	1524218364	-88704999	7550797	1	0
713	1524215961	-88704999	34041162	2	0
712	1524155114	-88704999	17808715	2	0
711	1523957313	-88704999	17808715	0	0
710	1523611082	-88704999	34041162	0	0
708	1523556792	-88704999	-88704999	2	0
707	1523556619	-88704999	137509477	0	0
706	1523523533	-88704999	137509477	1	0
704	1523463076	-88704999	7503745	8	0
703	1523389892	-88704999	17808715	3	0
702	1522919058	-88704999	34041162	5	0
701	1522865565	-88704999	80684434	1	0
700	1522748591	-88704999	80684434	1	0
699	1522610018	-88704999	80684434	3	1
698	1522479633	-88704999	50168542	4	0
697	1522220234	-88704999	36762561	4	0
696	1522166165	-88704999	-88704999	1	1
695	1522145454	-88704999	7503745	0	0
694	1522136212	-88704999	137509477	0	0
693	1522048610	-88704999	137509477	0	0
692	1521996473	-88704999	36762561	8	0
691	1521980065	-88704999	80684434	11	0
690	1521923735	-88704999	7550797	6	0
688	1521820082	-88704999	34041162	7	0
687	1521819845	-88704999	36762561	5	1
685	1521631327	-88704999	137509477	3	0
684	1521386880	-88704999	17808715	0	0
682	1521228876	-88704999	137509477	4	2
681	1521066246	-88704999	36762561	2	0
680	1521031689	-88704999	7503745	0	0
679	1521009188	-88704999	-88704999	2	0
678	1520801818	-88704999	36762561	4	0
677	1520522249	-88704999	-88704999	4	0
676	1520518022	-88704999	36762561	2	0
675	1520428448	-88704999	50168542	0	0
674	1520328411	-88704999	7503745	5	1
672	1519172648	-88704999	17808715	2	0
671	1519108960	-88704999	-88704999	0	0
670	1518962261	-88704999	7550797	12	0
669	1518776553	-88704999	50168542	1	0
668	1518768265	-88704999	36762561	10	0
666	1518170426	-88704999	80684434	1	0
663	1517378480	-88704999	137509477	4	1
662	1517218556	-88704999	137509477	3	0
659	1517074683	-88704999	7503745	29	4
656	1516532168	-88704999	7503745	8	2
655	1516209274	-88704999	7503745	12	2
654	1516021087	-88704999	36762561	1	0
653	1515853710	-88704999	137509477	2	0
652	1515757429	-88704999	7503745	3	0
651	1515658236	-88704999	7503745	5	0
650	1515593688	-88704999	50168542	1	1
649	1515501128	-88704999	-88704999	0	0
648	1514448502	-88704999	-88704999	3	0
647	1514374212	-88704999	7550797	4	0
646	1513750549	-88704999	80684434	1	0
645	1513683188	-88704999	7550797	0	0
644	1512769583	-88704999	36762561	2	0
643	1512650272	-88704999	80684434	3	1
642	1512585692	-88704999	-88704999	4	0
641	1512301952	-88704999	34041162	0	0
640	1512239541	-88704999	34041162	0	0
639	1512222912	-88704999	7550797	1	0
638	1512199050	-88704999	34041162	0	0
637	1511971076	-88704999	34041162	0	0
636	1511501573	-88704999	34041162	2	0
635	1511289488	-88704999	36762561	4	0
634	1511189613	-88704999	34041162	0	0
633	1511175591	-88704999	17808715	3	1
632	1511167618	-88704999	36762561	0	0
623	1508997542	-88704999	50168542	169	10
621	1508879245	-88704999	34041162	73	5
620	1508762158	-88704999	36762561	1	0
619	1508525031	-88704999	7503745	2	0
617	1508397486	-88704999	36762561	0	0
616	1508397469	-88704999	17808715	7	1
615	1507978574	-88704999	7503745	0	0
612	1507487226	-88704999	137509477	9	0
611	1507211597	-88704999	7503745	3	0
610	1507106605	-88704999	34041162	7	0
609	1507020120	-88704999	7503745	5	1
607	1506875549	-88704999	17808715	15	0
606	1506867203	-88704999	17808715	1	0
605	1506809590	-88704999	50168542	1	0
604	1506696069	-88704999	34041162	2	1
603	1506554045	-88704999	34041162	5	0
602	1506520512	-88704999	36762561	14	1
601	1506520392	-88704999	7503745	0	0
600	1506520354	-88704999	80684434	0	0
599	1506073382	-88704999	36762561	1	0
598	1506021096	-88704999	80684434	1	0
597	1505831292	-88704999	80684434	0	0
596	1505737091	-88704999	80684434	5	1
595	1505485707	-88704999	34041162	0	0
594	1505332166	-88704999	80684434	11	0
593	1505311618	-88704999	17808715	1	0
592	1505280247	-88704999	34041162	0	0
591	1505160167	-88704999	34041162	2	0
590	1505137163	-88704999	-88704999	5	2
589	1504974147	-88704999	36762561	1	0
588	1504777894	-88704999	7503745	1	0
586	1504627888	-88704999	80684434	0	0
584	1504585098	-88704999	-88704999	1	0
583	1504555059	-88704999	36762561	0	0
581	1504438349	-88704999	7550797	1	0
578	1503912974	-88704999	-88704999	0	0
576	1503910646	-88704999	17808715	18	1
575	1502993016	-88704999	34041162	1	0
574	1502441320	-88704999	36762561	4	0
573	1502267663	-88704999	36762561	2	1
572	1501531703	-88704999	7503745	3	0
571	1501357536	-88704999	7503745	3	0
570	1501313059	-88704999	7503745	4	2
569	1500975280	-88704999	34041162	1	0
568	1500323842	-88704999	17808715	0	0
567	1499367867	-88704999	50168542	5	1
565	1499075181	-88704999	7503745	1	0
564	1498997220	-88704999	7503745	1	0
562	1498414186	-88704999	17808715	0	0
561	1497532402	-88704999	80684434	1	0
560	1496691739	-88704999	7503745	1	0
557	1496652663	-88704999	50168542	45	1
556	1496001395	-88704999	7550797	1	0
555	1495233289	-88704999	36762561	6	0
554	1495175882	-88704999	50168542	8	1
553	1495135846	-88704999	17808715	0	0
552	1495117558	-88704999	-88704999	0	0
551	1495036400	-88704999	-88704999	21	7
550	1494779700	-88704999	36762561	1	0
549	1494578680	-88704999	34041162	2	0
548	1494576826	-88704999	7503745	0	0
543	1494361017	-88704999	17808715	2	1
542	1493740776	-88704999	36762561	8	0
540	1493494263	-88704999	34041162	13	0
539	1493406763	-88704999	7550797	1	0
538	1493211896	-88704999	80684434	0	0
537	1492944799	-88704999	137509477	1	0
536	1492759841	-88704999	34041162	0	0
535	1492530294	-88704999	7503745	18	3
534	1492162490	-88704999	7503745	1	0
533	1491850139	-88704999	-88704999	1	0
529	1491508583	-88704999	34041162	1	0
528	1491408616	-88704999	137509477	18	0
526	1491333580	-88704999	-88704999	3	0
524	1491325468	-88704999	7550797	1	0
523	1491325296	-88704999	7503745	0	0
522	1491046709	-88704999	-88704999	8	1
521	1490969848	-88704999	7503745	13	0
520	1490692361	-88704999	7503745	2	0
519	1490605674	-88704999	7503745	1	0
518	1490379218	-88704999	50168542	3	0
517	1490356621	-88704999	7503745	0	0
514	1490301876	-88704999	50168542	0	0
512	1490269091	-88704999	7550797	4	0
511	1490172514	-88704999	7503745	7	2
510	1489934456	-88704999	7550797	2	0
509	1489906549	-88704999	36762561	1	0
505	1489543456	-88704999	34041162	6	0
504	1489533275	-88704999	34041162	0	0
501	1489520566	-88704999	17808715	9	1
500	1489418969	-88704999	34041162	0	0
499	1489311825	-88704999	17808715	0	0
498	1489076096	-88704999	7503745	4	1
497	1488795358	-88704999	7503745	4	1
496	1488468480	-88704999	137509477	4	0
495	1488445048	-88704999	34041162	0	0
493	1488360621	-88704999	7503745	3	0
492	1488327136	-88704999	36762561	2	0
490	1488290940	-88704999	80684434	4	0
488	1488268377	-88704999	7503745	12	6
487	1488212082	-88704999	137509477	1	0
486	1487879256	-88704999	34041162	3	0
485	1487879229	-88704999	80684434	1	1
484	1487832284	-88704999	17808715	0	0
483	1487787960	-88704999	137509477	2	1
482	1487671793	-88704999	36762561	1	0
480	1487327048	-88704999	80684434	55	14
479	1487224572	-88704999	17808715	1	0
478	1487149380	-88704999	7503745	1	0
477	1487052733	-88704999	80684434	1	0
476	1486969494	-88704999	7503745	0	1
475	1486885338	-88704999	34041162	3	1
474	1486751772	-88704999	50168542	1	0
473	1486532911	-88704999	80684434	0	0
472	1486337529	-88704999	34041162	1	0
471	1486194569	-88704999	34041162	0	0
470	1486047028	-88704999	-88704999	0	0
469	1486046900	-88704999	80684434	1	0
468	1485336244	-88704999	7503745	0	0
467	1485172276	-88704999	7503745	1	1
466	1485149010	-88704999	7503745	0	0
462	1484569339	-88704999	7503745	0	0
461	1483555665	-88704999	17808715	2	0
460	1482957866	-88704999	34041162	2	3
459	1482327249	-88704999	36762561	0	1
458	1482153226	-88704999	34041162	0	0
456	1481792278	-88704999	7503745	2	0
455	1481713547	-88704999	17808715	11	3
454	1481628792	-88704999	7503745	4	0
451	1480966250	-88704999	7503745	35	1
450	1480940647	-88704999	17808715	2	0
449	1480937160	-88704999	7503745	1	0
448	1480596216	-88704999	137509477	0	0
447	1480499657	-88704999	137509477	5	0
446	1480375695	-88704999	50168542	0	0
445	1480022538	-88704999	50168542	10	0
443	1479330236	-88704999	34041162	1	0
442	1479220537	-88704999	34041162	0	0
441	1479120767	-88704999	7503745	0	0
439	1478881334	-88704999	50168542	0	0
438	1478792942	-88704999	7503745	5	1
437	1478723640	-88704999	-88704999	0	0
436	1478707291	-88704999	-88704999	0	0
434	1478116946	-88704999	137509477	0	0
432	1477891549	-88704999	34041162	0	0
431	1477633539	-88704999	17808715	2	0
430	1477036768	-88704999	80684434	2	0
429	1476970466	-88704999	7503745	0	0
428	1476217077	-88704999	-88704999	1	1
427	1476177363	-88704999	7503745	13	5
426	1475474776	-88704999	50168542	9	0
425	1475423796	-88704999	7503745	3	0
424	1475305198	-88704999	7503745	0	0
423	1475263930	-88704999	7503745	4	0
422	1475010591	-88704999	7503745	2	0
421	1474416832	-88704999	80684434	5	0
420	1474404431	-88704999	17808715	2	0
418	1473867795	-88704999	7550797	0	0
416	1473362512	-88704999	7503745	0	0
415	1472835747	-88704999	34041162	4	1
414	1472226350	-88704999	36762561	1	0
413	1472044341	-88704999	137509477	0	0
412	1471692639	-88704999	17808715	0	0
411	1465190205	-88704999	36762561	5	0
410	1463641179	-88704999	137509477	0	0
409	1463404148	-88704999	7550797	16	2
408	1463214293	-88704999	7503745	2	1
407	1463046572	-88704999	36762561	4	2
406	1462952125	-88704999	34041162	0	0
405	1461925964	-88704999	36762561	0	0
404	1461659349	-88704999	7503745	14	1
403	1461625272	-88704999	137509477	0	0
402	1461586324	-88704999	-88704999	5	0
401	1461520903	-88704999	7550797	4	0
400	1461190816	-88704999	50168542	0	0
399	1460552810	-88704999	34041162	2	0
398	1460226360	-88704999	36762561	0	0
396	1460198450	-88704999	137509477	0	0
395	1460025575	-88704999	7503745	7	0
394	1459813595	-88704999	137509477	1	0
393	1459801933	-88704999	137509477	0	0
391	1459762211	-88704999	80684434	0	0
390	1459757944	-88704999	36762561	1	2
389	1459756724	-88704999	137509477	0	0
386	1459548905	-88704999	7550797	20	1
385	1459498753	-88704999	-88704999	2	0
383	1459313891	-88704999	-88704999	0	0
382	1459212466	-88704999	137509477	1	0
381	1459212073	-88704999	34041162	2	1
380	1459210923	-88704999	137509477	16	6
379	1459171461	-88704999	36762561	6	2
377	1459170628	-88704999	7503745	1	0
376	1459169390	-88704999	-88704999	2	0
375	1458908154	-88704999	137509477	0	0
374	1458830528	-88704999	7550797	6	0
373	1458338080	-88704999	34041162	0	0
371	1458288735	-88704999	7550797	0	0
370	1458132816	-88704999	34041162	0	0
368	1458073667	-88704999	7503745	2	0
367	1457898595	-88704999	50168542	0	0
366	1457808356	-88704999	80684434	2	0
365	1457777078	-88704999	80684434	2	0
364	1457108629	-88704999	50168542	0	1
363	1457090649	-88704999	7503745	1	0
362	1456879785	-88704999	36762561	0	0
361	1456588094	-88704999	36762561	5	1
360	1456302583	-88704999	-88704999	0	0
358	1455605205	-88704999	7503745	1	1
357	1455532754	-88704999	34041162	1	1
356	1455532700	-88704999	7550797	3	0
355	1455501640	-88704999	7503745	4	2
354	1455216927	-88704999	7503745	0	0
353	1455201970	-88704999	137509477	1	0
352	1455127025	-88704999	50168542	3	1
348	1454917509	-88704999	34041162	2	1
347	1454913154	-88704999	36762561	1	0
341	1454067461	-88704999	34041162	4	0
340	1453715894	-88704999	7550797	0	0
338	1453366027	-88704999	7550797	0	0
337	1452963868	-88704999	34041162	3	0
334	1452863591	-88704999	36762561	2	0
333	1451505024	-88704999	50168542	9	0
332	1450344596	-88704999	-88704999	1	0
331	1450116815	-88704999	17808715	2	1
330	1449746822	-88704999	-88704999	1	0
329	1449746046	-88704999	-88704999	5	1
328	1449515376	-88704999	7503745	6	0
327	1449486641	-88704999	7503745	1	1
326	1449096801	-88704999	7550797	3	1
325	1449072372	-88704999	36762561	0	0
324	1448778926	-88704999	7503745	1	0
323	1448454627	-88704999	7503745	7	2
322	1448385471	-88704999	50168542	2	1
321	1448257786	-88704999	50168542	1	0
320	1448019013	-88704999	17808715	0	0
318	1447846926	-88704999	137509477	0	0
317	1447779763	-88704999	7503745	5	4
316	1447773152	-88704999	36762561	1	0
315	1447689601	-88704999	17808715	0	0
314	1447687011	-88704999	36762561	0	0
313	1447663578	-88704999	7503745	1	0
312	1447663096	-88704999	36762561	2	0
311	1447663007	-88704999	7550797	0	0
310	1447488680	-88704999	80684434	0	0
308	1447241947	-88704999	80684434	2	0
307	1447157649	-88704999	50168542	3	1
305	1447054240	-88704999	80684434	4	1
303	1447006654	-88704999	-88704999	3	0
302	1447006422	-88704999	7550797	0	0
301	1446839281	-88704999	7550797	0	0
300	1446568309	-88704999	137509477	0	0
299	1446492120	-88704999	7503745	7	0
298	1446411088	-88704999	7550797	4	0
296	1446054604	-88704999	7503745	2	0
294	1446039962	-88704999	34041162	16	3
293	1446039761	-88704999	50168542	3	0
292	1446026174	-88704999	17808715	7	1
291	1446021747	-88704999	7503745	0	1
290	1445927396	-88704999	50168542	2	0
289	1445593991	-88704999	80684434	0	0
288	1445593632	-88704999	137509477	0	0
287	1445591257	-88704999	36762561	0	0
286	1445447752	-88704999	50168542	0	0
285	1445427731	-88704999	80684434	1	0
284	1445427306	-88704999	50168542	5	0
283	1445343219	-88704999	17808715	3	1
282	1445257358	-88704999	-88704999	0	0
281	1445115462	-88704999	7503745	2	0
280	1445023437	-88704999	36762561	0	0
278	1444988370	-88704999	34041162	0	1
277	1444987607	-88704999	50168542	0	0
276	1444900253	-88704999	7550797	2	0
275	1444837655	-88704999	-88704999	0	0
274	1444711188	-88704999	80684434	1	0
273	1444710957	-88704999	36762561	1	0
271	1444645440	-88704999	7503745	6	2
270	1444504320	-88704999	80684434	14	4
269	1444477625	-88704999	17808715	0	0
268	1444477497	-88704999	-88704999	0	0
267	1444477401	-88704999	50168542	6	3
266	1444476951	-88704999	34041162	0	0
265	1444476801	-88704999	7550797	0	0
264	1444255015	-88704999	50168542	0	0
263	1444248674	-88704999	17808715	5	1
262	1444248004	-88704999	36762561	4	0
261	1444219781	-88704999	36762561	1	0
260	1444219350	-88704999	34041162	7	3
259	1444174442	-88704999	7503745	0	0
258	1444174218	-88704999	80684434	0	0
257	1444174070	-88704999	80684434	0	0
256	1444173962	-88704999	137509477	0	0
255	1444173895	-88704999	137509477	0	0
254	1444028969	-88704999	7503745	2	0
253	1443465610	-88704999	7550797	5	0
252	1443465480	-88704999	137509477	6	1
249	1443092996	-88704999	-88704999	1	0
248	1442949385	-88704999	36762561	4	1
245	1442859484	-88704999	36762561	29	4
244	1442857270	-88704999	50168542	2	0
243	1442857081	-88704999	80684434	0	0
242	1442847073	-88704999	7503745	0	0
241	1442678118	-88704999	-88704999	4	0
240	1442577970	-88704999	-88704999	0	0
239	1442403389	-88704999	137509477	0	0
237	1442319913	-88704999	-88704999	0	0
236	1442237647	-88704999	80684434	3	0
233	1442170409	-88704999	7550797	1	0
232	1442125286	-88704999	17808715	1	0
231	1441977544	-88704999	7550797	2	0
230	1441964619	-88704999	50168542	0	0
229	1441964445	-88704999	17808715	0	0
228	1441806954	-88704999	80684434	0	0
226	1441748895	-88704999	137509477	3	0
225	1441748844	-88704999	7550797	1	0
224	1441746180	-88704999	36762561	1	0
209	1441123254	-88704999	-88704999	31	2
206	1441121182	-88704999	80684434	0	0
205	1440829755	-88704999	7503745	4	1
204	1440786883	-88704999	-88704999	7	0
201	1440766582	-88704999	-88704999	2	2
200	1439802147	-88704999	17808715	1	0
199	1438735021	-88704999	17808715	0	0
192	1438335628	-88704999	7550797	3	0
187	1438089540	-88704999	34041162	2	2
185	1438086828	-88704999	17808715	0	1
184	1438079741	-88704999	17808715	1	0
183	1438073376	-88704999	7503745	0	0
182	1438067345	-88704999	-88704999	6	0
181	1437996882	-88704999	137509477	0	1
179	1437752259	-88704999	34041162	0	0
178	1437141039	-88704999	137509477	5	0
177	1436942716	-88704999	17808715	0	0
176	1436862939	-88704999	36762561	0	0
175	1436815154	-88704999	80684434	1	0
174	1436178005	-88704999	7550797	8	0
173	1436177078	-88704999	80684434	3	0
171	1436096120	-88704999	34041162	2	0
170	1435925438	-88704999	17808715	0	0
169	1435920134	-88704999	7503745	1	0
168	1435828864	-88704999	50168542	6	1
167	1435826576	-88704999	-88704999	0	0
166	1435763272	-88704999	-88704999	0	0
165	1435746247	-88704999	50168542	0	0
164	1435673073	-88704999	7503745	2	0
163	1435671958	-88704999	50168542	3	0
162	1435671870	-88704999	137509477	2	0
161	1435671768	-88704999	7550797	1	0
159	1435568773	-88704999	80684434	9	0
158	1435494347	-88704999	36762561	0	0
157	1435487350	-88704999	17808715	0	0
156	1435265526	-88704999	137509477	4	2
155	1434980662	-88704999	17808715	3	1
153	1434544311	-88704999	50168542	0	0
148	1434098323	-88704999	80684434	0	0
147	1434057023	-88704999	80684434	1	1
146	1434056834	-88704999	80684434	0	0
145	1434056446	-88704999	36762561	1	1
144	1433996086	-88704999	7550797	0	0
141	1433793546	-88704999	7550797	9	2
140	1433627202	-88704999	-88704999	2	0
138	1433513752	-88704999	-88704999	5	0
137	1433512506	-88704999	50168542	1	0
136	1433433645	-88704999	7503745	1	0
135	1433182054	-88704999	137509477	0	0
132	1433110345	-88704999	7503745	3	0
131	1433102265	-88704999	-88704999	2	0
130	1432658474	-88704999	17808715	0	0
129	1432657825	-88704999	17808715	1	1
128	1432620249	-88704999	50168542	1	0
127	1432131265	-88704999	-88704999	3	1
125	1432112182	-88704999	34041162	0	0
124	1432112025	-88704999	7503745	2	1
123	1432110870	-88704999	-88704999	1	0
122	1432107550	-88704999	17808715	0	0
121	1432107213	-88704999	7503745	1	0
120	1432069547	-88704999	17808715	0	0
118	1432041831	-88704999	7503745	2	0
117	1431959695	-88704999	50168542	2	1
115	1431954112	-88704999	36762561	1	0
113	1431896405	-88704999	-88704999	7	2
111	1431895998	-88704999	-88704999	9	1
110	1431895560	-88704999	50168542	3	1
109	1431892594	-88704999	34041162	4	0
107	1431866332	-88704999	34041162	0	0
106	1431587005	-88704999	50168542	2	1
105	1431526115	-88704999	-88704999	23	4
104	1431523070	-88704999	80684434	8	1
103	1431465453	-88704999	-88704999	1	1
102	1431377077	-88704999	34041162	0	0
100	1431359708	-88704999	7550797	0	0
97	1431092040	-88704999	-88704999	2	1
96	1431024918	-88704999	34041162	3	0
95	1431023174	-88704999	50168542	0	0
94	1430944741	-88704999	50168542	2	1
93	1430816008	-88704999	36762561	0	0
92	1430815938	-88704999	7550797	0	0
91	1430428690	-88704999	80684434	4	3
90	1430340216	-88704999	7503745	0	0
89	1430253795	-88704999	137509477	0	0
88	1430252504	-88704999	-88704999	1	0
87	1430225770	-88704999	7503745	0	0
86	1430143305	-88704999	-88704999	3	1
84	1430125187	-88704999	7550797	4	1
82	1429797455	-88704999	-88704999	3	2
81	1429727734	-88704999	80684434	1	2
80	1429726071	-88704999	17808715	2	0
79	1429561345	-88704999	80684434	0	0
78	1429487282	-88704999	7503745	0	0
77	1429436499	-88704999	7503745	0	0
76	1429392254	-88704999	-88704999	0	0
75	1429386877	-88704999	137509477	0	0
74	1429376817	-88704999	7503745	0	0
71	1429206594	-88704999	7550797	0	0
67	1429042015	-88704999	80684434	1	1
66	1429016610	-88704999	80684434	9	5
65	1429007652	-88704999	80684434	1	0
64	1428990720	-88704999	34041162	0	0
63	1428910500	-88704999	7550797	0	0
62	1428834790	-88704999	7503745	2	0
61	1428746055	-88704999	36762561	3	4
59	1428696155	-88704999	36762561	1	0
58	1428695722	-88704999	80684434	1	1
57	1428657851	-88704999	36762561	4	3
55	1428494811	-88704999	137509477	1	0
54	1428493403	-88704999	137509477	7	5
51	1428407641	-88704999	-88704999	1	1
49	1428354762	-88704999	80684434	0	0
48	1428233502	-88704999	17808715	1	1
46	1428092798	-88704999	7503745	3	2
44	1428012063	-88704999	7503745	2	3
43	1427885072	-88704999	-88704999	16	5
42	1427750149	-88704999	34041162	8	0
40	1427741498	-88704999	36762561	0	0
39	1427577687	-88704999	80684434	0	0
35	1427381778	-88704999	34041162	2	1
34	1427379593	-88704999	50168542	3	0
33	1427281031	-88704999	34041162	3	1
32	1427208771	-88704999	-88704999	10	3
31	1427148295	-88704999	137509477	2	0
30	1427147776	-88704999	34041162	3	0
29	1427108127	-88704999	-88704999	4	0
28	1426833710	-88704999	-88704999	2	0
27	1426831487	-88704999	36762561	2	0
26	1426829822	-88704999	34041162	1	1
25	1426829281	-88704999	-88704999	1	0
24	1426712683	-88704999	-88704999	7	0
23	1426712586	-88704999	7503745	5	0
21	1426425468	-88704999	80684434	0	0
20	1426418419	-88704999	137509477	0	0
19	1426416443	-88704999	17808715	0	0
18	1426230180	-88704999	50168542	5	1
17	1426115129	-88704999	50168542	8	1
13	1426057561	-88704999	34041162	0	0
12	1425977928	-88704999	17808715	0	0
11	1425670399	-88704999	50168542	0	1
10	1425637296	-88704999	36762561	0	0
8	1425502556	-88704999	137509477	2	0
6	1425403524	-88704999	7503745	3	0
5	1425340541	-88704999	36762561	2	0
4	1425329282	-88704999	7503745	7	0
3	1425319343	-88704999	17808715	2	0
2	1425311009	-88704999	80684434	3	1